id,level,type,name,art,details,marchIcon,mapIcon
1,3,0,18:5,"Art/Map/NPC/Thief3/Prefab/base",18:18,"land_icon_npc_thief_3","map_img_thief_3"
2,4,0,18:6,"Art/Map/NPC/Thief4/Prefab/base",18:19,"land_icon_npc_thief_4","map_img_thief_4"
3,5,0,18:7,"Art/Map/NPC/Thief5/Prefab/base",18:20,"land_icon_npc_thief_5","map_img_thief_5"
4,3,0,18:5,"Art/Map/NPC/Thief3/Prefab/base",18:18,"land_icon_npc_thief_3","map_img_thief_3"
5,4,0,18:6,"Art/Map/NPC/Thief4/Prefab/base",18:19,"land_icon_npc_thief_4","map_img_thief_4"
6,5,0,18:7,"Art/Map/NPC/Thief5/Prefab/base",18:20,"land_icon_npc_thief_5","map_img_thief_5"
7,3,0,18:5,"Art/Map/NPC/Thief3/Prefab/base",18:18,"land_icon_npc_thief_3","map_img_thief_3"
8,4,0,18:6,"Art/Map/NPC/Thief4/Prefab/base",18:19,"land_icon_npc_thief_4","map_img_thief_4"
9,5,0,18:7,"Art/Map/NPC/Thief5/Prefab/base",18:20,"land_icon_npc_thief_5","map_img_thief_5"
10,5,0,18:7,"Art/Map/NPC/Thief5/Prefab/base",18:20,"land_icon_npc_thief_5","map_img_thief_5"
11,6,0,18:8,"Art/Map/NPC/Thief6/Prefab/base",18:21,"land_icon_npc_thief_6","map_img_thief_6"
12,7,0,18:9,"Art/Map/NPC/Thief7/Prefab/base",18:22,"land_icon_npc_thief_7","map_img_thief_7"
13,5,0,18:7,"Art/Map/NPC/Thief5/Prefab/base",18:20,"land_icon_npc_thief_5","map_img_thief_5"
14,6,0,18:8,"Art/Map/NPC/Thief6/Prefab/base",18:21,"land_icon_npc_thief_6","map_img_thief_6"
15,7,0,18:9,"Art/Map/NPC/Thief7/Prefab/base",18:22,"land_icon_npc_thief_7","map_img_thief_7"
16,5,0,18:7,"Art/Map/NPC/Thief5/Prefab/base",18:20,"land_icon_npc_thief_5","map_img_thief_5"
17,6,0,18:8,"Art/Map/NPC/Thief6/Prefab/base",18:21,"land_icon_npc_thief_6","map_img_thief_6"
18,7,0,18:9,"Art/Map/NPC/Thief7/Prefab/base",18:22,"land_icon_npc_thief_7","map_img_thief_7"
19,5,0,18:7,"Art/Map/NPC/Thief5/Prefab/base",18:20,"land_icon_npc_thief_5","map_img_thief_5"
20,6,0,18:8,"Art/Map/NPC/Thief6/Prefab/base",18:21,"land_icon_npc_thief_6","map_img_thief_6"
21,7,0,18:9,"Art/Map/NPC/Thief7/Prefab/base",18:22,"land_icon_npc_thief_7","map_img_thief_7"
22,7,0,18:9,"Art/Map/NPC/Thief7/Prefab/base",18:22,"land_icon_npc_thief_7","map_img_thief_7"
23,8,0,18:10,"Art/Map/NPC/Thief8/Prefab/base",18:23,"land_icon_npc_thief_8","map_img_thief_8"
24,9,0,18:11,"Art/Map/NPC/Thief9/Prefab/base",18:24,"land_icon_npc_thief_9","map_img_thief_9"
25,10,0,18:12,"Art/Map/NPC/Thief10/Prefab/base",18:25,"land_icon_npc_thief_10","map_img_thief_10"
26,7,0,18:9,"Art/Map/NPC/Thief7/Prefab/base",18:22,"land_icon_npc_thief_7","map_img_thief_7"
27,8,0,18:10,"Art/Map/NPC/Thief8/Prefab/base",18:23,"land_icon_npc_thief_8","map_img_thief_8"
28,9,0,18:11,"Art/Map/NPC/Thief9/Prefab/base",18:24,"land_icon_npc_thief_9","map_img_thief_9"
29,10,0,18:12,"Art/Map/NPC/Thief10/Prefab/base",18:25,"land_icon_npc_thief_10","map_img_thief_10"
30,7,0,18:9,"Art/Map/NPC/Thief7/Prefab/base",18:22,"land_icon_npc_thief_7","map_img_thief_7"
31,8,0,18:10,"Art/Map/NPC/Thief8/Prefab/base",18:23,"land_icon_npc_thief_8","map_img_thief_8"
32,9,0,18:11,"Art/Map/NPC/Thief9/Prefab/base",18:24,"land_icon_npc_thief_9","map_img_thief_9"
33,10,0,18:12,"Art/Map/NPC/Thief10/Prefab/base",18:25,"land_icon_npc_thief_10","map_img_thief_10"
34,7,0,18:9,"Art/Map/NPC/Thief7/Prefab/base",18:22,"land_icon_npc_thief_7","map_img_thief_7"
35,8,0,18:10,"Art/Map/NPC/Thief8/Prefab/base",18:23,"land_icon_npc_thief_8","map_img_thief_8"
36,9,0,18:11,"Art/Map/NPC/Thief9/Prefab/base",18:24,"land_icon_npc_thief_9","map_img_thief_9"
37,10,0,18:12,"Art/Map/NPC/Thief10/Prefab/base",18:25,"land_icon_npc_thief_10","map_img_thief_10"
38,3,0,18:5,"Art/Map/NPC/Thief3/Prefab/base",18:18,"land_icon_npc_thief_3","map_img_thief_3"
39,4,0,18:6,"Art/Map/NPC/Thief4/Prefab/base",18:19,"land_icon_npc_thief_4","map_img_thief_4"
40,5,0,18:7,"Art/Map/NPC/Thief5/Prefab/base",18:20,"land_icon_npc_thief_5","map_img_thief_5"
41,3,0,18:5,"Art/Map/NPC/Thief3/Prefab/base",18:18,"land_icon_npc_thief_3","map_img_thief_3"
42,4,0,18:6,"Art/Map/NPC/Thief4/Prefab/base",18:19,"land_icon_npc_thief_4","map_img_thief_4"
43,5,0,18:7,"Art/Map/NPC/Thief5/Prefab/base",18:20,"land_icon_npc_thief_5","map_img_thief_5"
44,3,0,18:5,"Art/Map/NPC/Thief3/Prefab/base",18:18,"land_icon_npc_thief_3","map_img_thief_3"
45,4,0,18:6,"Art/Map/NPC/Thief4/Prefab/base",18:19,"land_icon_npc_thief_4","map_img_thief_4"
46,5,0,18:7,"Art/Map/NPC/Thief5/Prefab/base",18:20,"land_icon_npc_thief_5","map_img_thief_5"
47,5,0,18:7,"Art/Map/NPC/Thief5/Prefab/base",18:20,"land_icon_npc_thief_5","map_img_thief_5"
48,6,0,18:8,"Art/Map/NPC/Thief6/Prefab/base",18:21,"land_icon_npc_thief_6","map_img_thief_6"
49,7,0,18:9,"Art/Map/NPC/Thief7/Prefab/base",18:22,"land_icon_npc_thief_7","map_img_thief_7"
50,5,0,18:7,"Art/Map/NPC/Thief5/Prefab/base",18:20,"land_icon_npc_thief_5","map_img_thief_5"
51,6,0,18:8,"Art/Map/NPC/Thief6/Prefab/base",18:21,"land_icon_npc_thief_6","map_img_thief_6"
52,7,0,18:9,"Art/Map/NPC/Thief7/Prefab/base",18:22,"land_icon_npc_thief_7","map_img_thief_7"
53,5,0,18:7,"Art/Map/NPC/Thief5/Prefab/base",18:20,"land_icon_npc_thief_5","map_img_thief_5"
54,6,0,18:8,"Art/Map/NPC/Thief6/Prefab/base",18:21,"land_icon_npc_thief_6","map_img_thief_6"
55,7,0,18:9,"Art/Map/NPC/Thief7/Prefab/base",18:22,"land_icon_npc_thief_7","map_img_thief_7"
56,5,0,18:7,"Art/Map/NPC/Thief5/Prefab/base",18:20,"land_icon_npc_thief_5","map_img_thief_5"
57,6,0,18:8,"Art/Map/NPC/Thief6/Prefab/base",18:21,"land_icon_npc_thief_6","map_img_thief_6"
58,7,0,18:9,"Art/Map/NPC/Thief7/Prefab/base",18:22,"land_icon_npc_thief_7","map_img_thief_7"
59,7,0,18:9,"Art/Map/NPC/Thief7/Prefab/base",18:22,"land_icon_npc_thief_7","map_img_thief_7"
60,8,0,18:10,"Art/Map/NPC/Thief8/Prefab/base",18:23,"land_icon_npc_thief_8","map_img_thief_8"
61,9,0,18:11,"Art/Map/NPC/Thief9/Prefab/base",18:24,"land_icon_npc_thief_9","map_img_thief_9"
62,10,0,18:12,"Art/Map/NPC/Thief10/Prefab/base",18:25,"land_icon_npc_thief_10","map_img_thief_10"
63,7,0,18:9,"Art/Map/NPC/Thief7/Prefab/base",18:22,"land_icon_npc_thief_7","map_img_thief_7"
64,8,0,18:10,"Art/Map/NPC/Thief8/Prefab/base",18:23,"land_icon_npc_thief_8","map_img_thief_8"
65,9,0,18:11,"Art/Map/NPC/Thief9/Prefab/base",18:24,"land_icon_npc_thief_9","map_img_thief_9"
66,10,0,18:12,"Art/Map/NPC/Thief10/Prefab/base",18:25,"land_icon_npc_thief_10","map_img_thief_10"
67,7,0,18:9,"Art/Map/NPC/Thief7/Prefab/base",18:22,"land_icon_npc_thief_7","map_img_thief_7"
68,8,0,18:10,"Art/Map/NPC/Thief8/Prefab/base",18:23,"land_icon_npc_thief_8","map_img_thief_8"
69,9,0,18:11,"Art/Map/NPC/Thief9/Prefab/base",18:24,"land_icon_npc_thief_9","map_img_thief_9"
70,10,0,18:12,"Art/Map/NPC/Thief10/Prefab/base",18:25,"land_icon_npc_thief_10","map_img_thief_10"
71,7,0,18:9,"Art/Map/NPC/Thief7/Prefab/base",18:22,"land_icon_npc_thief_7","map_img_thief_7"
72,8,0,18:10,"Art/Map/NPC/Thief8/Prefab/base",18:23,"land_icon_npc_thief_8","map_img_thief_8"
73,9,0,18:11,"Art/Map/NPC/Thief9/Prefab/base",18:24,"land_icon_npc_thief_9","map_img_thief_9"
74,10,0,18:12,"Art/Map/NPC/Thief10/Prefab/base",18:25,"land_icon_npc_thief_10","map_img_thief_10"
75,3,0,18:5,"Art/Map/NPC/Thief3/Prefab/base",18:18,"land_icon_npc_thief_3","map_img_thief_3"
76,4,0,18:6,"Art/Map/NPC/Thief4/Prefab/base",18:19,"land_icon_npc_thief_4","map_img_thief_4"
77,5,0,18:7,"Art/Map/NPC/Thief5/Prefab/base",18:20,"land_icon_npc_thief_5","map_img_thief_5"
78,3,0,18:5,"Art/Map/NPC/Thief3/Prefab/base",18:18,"land_icon_npc_thief_3","map_img_thief_3"
79,4,0,18:6,"Art/Map/NPC/Thief4/Prefab/base",18:19,"land_icon_npc_thief_4","map_img_thief_4"
80,5,0,18:7,"Art/Map/NPC/Thief5/Prefab/base",18:20,"land_icon_npc_thief_5","map_img_thief_5"
81,3,0,18:5,"Art/Map/NPC/Thief3/Prefab/base",18:18,"land_icon_npc_thief_3","map_img_thief_3"
82,4,0,18:6,"Art/Map/NPC/Thief4/Prefab/base",18:19,"land_icon_npc_thief_4","map_img_thief_4"
83,5,0,18:7,"Art/Map/NPC/Thief5/Prefab/base",18:20,"land_icon_npc_thief_5","map_img_thief_5"
84,5,0,18:7,"Art/Map/NPC/Thief5/Prefab/base",18:20,"land_icon_npc_thief_5","map_img_thief_5"
85,6,0,18:8,"Art/Map/NPC/Thief6/Prefab/base",18:21,"land_icon_npc_thief_6","map_img_thief_6"
86,7,0,18:9,"Art/Map/NPC/Thief7/Prefab/base",18:22,"land_icon_npc_thief_7","map_img_thief_7"
87,5,0,18:7,"Art/Map/NPC/Thief5/Prefab/base",18:20,"land_icon_npc_thief_5","map_img_thief_5"
88,6,0,18:8,"Art/Map/NPC/Thief6/Prefab/base",18:21,"land_icon_npc_thief_6","map_img_thief_6"
89,7,0,18:9,"Art/Map/NPC/Thief7/Prefab/base",18:22,"land_icon_npc_thief_7","map_img_thief_7"
90,5,0,18:7,"Art/Map/NPC/Thief5/Prefab/base",18:20,"land_icon_npc_thief_5","map_img_thief_5"
91,6,0,18:8,"Art/Map/NPC/Thief6/Prefab/base",18:21,"land_icon_npc_thief_6","map_img_thief_6"
92,7,0,18:9,"Art/Map/NPC/Thief7/Prefab/base",18:22,"land_icon_npc_thief_7","map_img_thief_7"
93,5,0,18:7,"Art/Map/NPC/Thief5/Prefab/base",18:20,"land_icon_npc_thief_5","map_img_thief_5"
94,6,0,18:8,"Art/Map/NPC/Thief6/Prefab/base",18:21,"land_icon_npc_thief_6","map_img_thief_6"
95,7,0,18:9,"Art/Map/NPC/Thief7/Prefab/base",18:22,"land_icon_npc_thief_7","map_img_thief_7"
96,7,0,18:9,"Art/Map/NPC/Thief7/Prefab/base",18:22,"land_icon_npc_thief_7","map_img_thief_7"
97,8,0,18:10,"Art/Map/NPC/Thief8/Prefab/base",18:23,"land_icon_npc_thief_8","map_img_thief_8"
98,9,0,18:11,"Art/Map/NPC/Thief9/Prefab/base",18:24,"land_icon_npc_thief_9","map_img_thief_9"
99,10,0,18:12,"Art/Map/NPC/Thief10/Prefab/base",18:25,"land_icon_npc_thief_10","map_img_thief_10"
100,7,0,18:9,"Art/Map/NPC/Thief7/Prefab/base",18:22,"land_icon_npc_thief_7","map_img_thief_7"
101,8,0,18:10,"Art/Map/NPC/Thief8/Prefab/base",18:23,"land_icon_npc_thief_8","map_img_thief_8"
102,9,0,18:11,"Art/Map/NPC/Thief9/Prefab/base",18:24,"land_icon_npc_thief_9","map_img_thief_9"
103,10,0,18:12,"Art/Map/NPC/Thief10/Prefab/base",18:25,"land_icon_npc_thief_10","map_img_thief_10"
104,7,0,18:9,"Art/Map/NPC/Thief7/Prefab/base",18:22,"land_icon_npc_thief_7","map_img_thief_7"
105,8,0,18:10,"Art/Map/NPC/Thief8/Prefab/base",18:23,"land_icon_npc_thief_8","map_img_thief_8"
106,9,0,18:11,"Art/Map/NPC/Thief9/Prefab/base",18:24,"land_icon_npc_thief_9","map_img_thief_9"
107,10,0,18:12,"Art/Map/NPC/Thief10/Prefab/base",18:25,"land_icon_npc_thief_10","map_img_thief_10"
108,7,0,18:9,"Art/Map/NPC/Thief7/Prefab/base",18:22,"land_icon_npc_thief_7","map_img_thief_7"
109,8,0,18:10,"Art/Map/NPC/Thief8/Prefab/base",18:23,"land_icon_npc_thief_8","map_img_thief_8"
110,9,0,18:11,"Art/Map/NPC/Thief9/Prefab/base",18:24,"land_icon_npc_thief_9","map_img_thief_9"
111,10,0,18:12,"Art/Map/NPC/Thief10/Prefab/base",18:25,"land_icon_npc_thief_10","map_img_thief_10"
112,3,0,18:5,"Art/Map/NPC/Thief3/Prefab/base",18:18,"land_icon_npc_thief_3","map_img_thief_3"
113,4,0,18:6,"Art/Map/NPC/Thief4/Prefab/base",18:19,"land_icon_npc_thief_4","map_img_thief_4"
114,5,0,18:7,"Art/Map/NPC/Thief5/Prefab/base",18:20,"land_icon_npc_thief_5","map_img_thief_5"
115,3,0,18:5,"Art/Map/NPC/Thief3/Prefab/base",18:18,"land_icon_npc_thief_3","map_img_thief_3"
116,4,0,18:6,"Art/Map/NPC/Thief4/Prefab/base",18:19,"land_icon_npc_thief_4","map_img_thief_4"
117,5,0,18:7,"Art/Map/NPC/Thief5/Prefab/base",18:20,"land_icon_npc_thief_5","map_img_thief_5"
118,3,0,18:5,"Art/Map/NPC/Thief3/Prefab/base",18:18,"land_icon_npc_thief_3","map_img_thief_3"
119,4,0,18:6,"Art/Map/NPC/Thief4/Prefab/base",18:19,"land_icon_npc_thief_4","map_img_thief_4"
120,5,0,18:7,"Art/Map/NPC/Thief5/Prefab/base",18:20,"land_icon_npc_thief_5","map_img_thief_5"
121,5,0,18:7,"Art/Map/NPC/Thief5/Prefab/base",18:20,"land_icon_npc_thief_5","map_img_thief_5"
122,6,0,18:8,"Art/Map/NPC/Thief6/Prefab/base",18:21,"land_icon_npc_thief_6","map_img_thief_6"
123,7,0,18:9,"Art/Map/NPC/Thief7/Prefab/base",18:22,"land_icon_npc_thief_7","map_img_thief_7"
124,5,0,18:7,"Art/Map/NPC/Thief5/Prefab/base",18:20,"land_icon_npc_thief_5","map_img_thief_5"
125,6,0,18:8,"Art/Map/NPC/Thief6/Prefab/base",18:21,"land_icon_npc_thief_6","map_img_thief_6"
126,7,0,18:9,"Art/Map/NPC/Thief7/Prefab/base",18:22,"land_icon_npc_thief_7","map_img_thief_7"
127,5,0,18:7,"Art/Map/NPC/Thief5/Prefab/base",18:20,"land_icon_npc_thief_5","map_img_thief_5"
128,6,0,18:8,"Art/Map/NPC/Thief6/Prefab/base",18:21,"land_icon_npc_thief_6","map_img_thief_6"
129,7,0,18:9,"Art/Map/NPC/Thief7/Prefab/base",18:22,"land_icon_npc_thief_7","map_img_thief_7"
130,5,0,18:7,"Art/Map/NPC/Thief5/Prefab/base",18:20,"land_icon_npc_thief_5","map_img_thief_5"
131,6,0,18:8,"Art/Map/NPC/Thief6/Prefab/base",18:21,"land_icon_npc_thief_6","map_img_thief_6"
132,7,0,18:9,"Art/Map/NPC/Thief7/Prefab/base",18:22,"land_icon_npc_thief_7","map_img_thief_7"
133,7,0,18:9,"Art/Map/NPC/Thief7/Prefab/base",18:22,"land_icon_npc_thief_7","map_img_thief_7"
134,8,0,18:10,"Art/Map/NPC/Thief8/Prefab/base",18:23,"land_icon_npc_thief_8","map_img_thief_8"
135,9,0,18:11,"Art/Map/NPC/Thief9/Prefab/base",18:24,"land_icon_npc_thief_9","map_img_thief_9"
136,10,0,18:12,"Art/Map/NPC/Thief10/Prefab/base",18:25,"land_icon_npc_thief_10","map_img_thief_10"
137,7,0,18:9,"Art/Map/NPC/Thief7/Prefab/base",18:22,"land_icon_npc_thief_7","map_img_thief_7"
138,8,0,18:10,"Art/Map/NPC/Thief8/Prefab/base",18:23,"land_icon_npc_thief_8","map_img_thief_8"
139,9,0,18:11,"Art/Map/NPC/Thief9/Prefab/base",18:24,"land_icon_npc_thief_9","map_img_thief_9"
140,10,0,18:12,"Art/Map/NPC/Thief10/Prefab/base",18:25,"land_icon_npc_thief_10","map_img_thief_10"
141,7,0,18:9,"Art/Map/NPC/Thief7/Prefab/base",18:22,"land_icon_npc_thief_7","map_img_thief_7"
142,8,0,18:10,"Art/Map/NPC/Thief8/Prefab/base",18:23,"land_icon_npc_thief_8","map_img_thief_8"
143,9,0,18:11,"Art/Map/NPC/Thief9/Prefab/base",18:24,"land_icon_npc_thief_9","map_img_thief_9"
144,10,0,18:12,"Art/Map/NPC/Thief10/Prefab/base",18:25,"land_icon_npc_thief_10","map_img_thief_10"
145,7,0,18:9,"Art/Map/NPC/Thief7/Prefab/base",18:22,"land_icon_npc_thief_7","map_img_thief_7"
146,8,0,18:10,"Art/Map/NPC/Thief8/Prefab/base",18:23,"land_icon_npc_thief_8","map_img_thief_8"
147,9,0,18:11,"Art/Map/NPC/Thief9/Prefab/base",18:24,"land_icon_npc_thief_9","map_img_thief_9"
148,10,0,18:12,"Art/Map/NPC/Thief10/Prefab/base",18:25,"land_icon_npc_thief_10","map_img_thief_10"
149,3,0,18:5,"Art/Map/NPC/Thief3/Prefab/base",18:18,"land_icon_npc_thief_3","map_img_thief_3"
150,4,0,18:6,"Art/Map/NPC/Thief4/Prefab/base",18:19,"land_icon_npc_thief_4","map_img_thief_4"
151,5,0,18:7,"Art/Map/NPC/Thief5/Prefab/base",18:20,"land_icon_npc_thief_5","map_img_thief_5"
152,3,0,18:5,"Art/Map/NPC/Thief3/Prefab/base",18:18,"land_icon_npc_thief_3","map_img_thief_3"
153,4,0,18:6,"Art/Map/NPC/Thief4/Prefab/base",18:19,"land_icon_npc_thief_4","map_img_thief_4"
154,5,0,18:7,"Art/Map/NPC/Thief5/Prefab/base",18:20,"land_icon_npc_thief_5","map_img_thief_5"
155,3,0,18:5,"Art/Map/NPC/Thief3/Prefab/base",18:18,"land_icon_npc_thief_3","map_img_thief_3"
156,4,0,18:6,"Art/Map/NPC/Thief4/Prefab/base",18:19,"land_icon_npc_thief_4","map_img_thief_4"
157,5,0,18:7,"Art/Map/NPC/Thief5/Prefab/base",18:20,"land_icon_npc_thief_5","map_img_thief_5"
158,5,0,18:7,"Art/Map/NPC/Thief5/Prefab/base",18:20,"land_icon_npc_thief_5","map_img_thief_5"
159,6,0,18:8,"Art/Map/NPC/Thief6/Prefab/base",18:21,"land_icon_npc_thief_6","map_img_thief_6"
160,7,0,18:9,"Art/Map/NPC/Thief7/Prefab/base",18:22,"land_icon_npc_thief_7","map_img_thief_7"
161,5,0,18:7,"Art/Map/NPC/Thief5/Prefab/base",18:20,"land_icon_npc_thief_5","map_img_thief_5"
162,6,0,18:8,"Art/Map/NPC/Thief6/Prefab/base",18:21,"land_icon_npc_thief_6","map_img_thief_6"
163,7,0,18:9,"Art/Map/NPC/Thief7/Prefab/base",18:22,"land_icon_npc_thief_7","map_img_thief_7"
164,5,0,18:7,"Art/Map/NPC/Thief5/Prefab/base",18:20,"land_icon_npc_thief_5","map_img_thief_5"
165,6,0,18:8,"Art/Map/NPC/Thief6/Prefab/base",18:21,"land_icon_npc_thief_6","map_img_thief_6"
166,7,0,18:9,"Art/Map/NPC/Thief7/Prefab/base",18:22,"land_icon_npc_thief_7","map_img_thief_7"
167,5,0,18:7,"Art/Map/NPC/Thief5/Prefab/base",18:20,"land_icon_npc_thief_5","map_img_thief_5"
168,6,0,18:8,"Art/Map/NPC/Thief6/Prefab/base",18:21,"land_icon_npc_thief_6","map_img_thief_6"
169,7,0,18:9,"Art/Map/NPC/Thief7/Prefab/base",18:22,"land_icon_npc_thief_7","map_img_thief_7"
170,7,0,18:9,"Art/Map/NPC/Thief7/Prefab/base",18:22,"land_icon_npc_thief_7","map_img_thief_7"
171,8,0,18:10,"Art/Map/NPC/Thief8/Prefab/base",18:23,"land_icon_npc_thief_8","map_img_thief_8"
172,9,0,18:11,"Art/Map/NPC/Thief9/Prefab/base",18:24,"land_icon_npc_thief_9","map_img_thief_9"
173,10,0,18:12,"Art/Map/NPC/Thief10/Prefab/base",18:25,"land_icon_npc_thief_10","map_img_thief_10"
174,7,0,18:9,"Art/Map/NPC/Thief7/Prefab/base",18:22,"land_icon_npc_thief_7","map_img_thief_7"
175,8,0,18:10,"Art/Map/NPC/Thief8/Prefab/base",18:23,"land_icon_npc_thief_8","map_img_thief_8"
176,9,0,18:11,"Art/Map/NPC/Thief9/Prefab/base",18:24,"land_icon_npc_thief_9","map_img_thief_9"
177,10,0,18:12,"Art/Map/NPC/Thief10/Prefab/base",18:25,"land_icon_npc_thief_10","map_img_thief_10"
178,7,0,18:9,"Art/Map/NPC/Thief7/Prefab/base",18:22,"land_icon_npc_thief_7","map_img_thief_7"
179,8,0,18:10,"Art/Map/NPC/Thief8/Prefab/base",18:23,"land_icon_npc_thief_8","map_img_thief_8"
180,9,0,18:11,"Art/Map/NPC/Thief9/Prefab/base",18:24,"land_icon_npc_thief_9","map_img_thief_9"
181,10,0,18:12,"Art/Map/NPC/Thief10/Prefab/base",18:25,"land_icon_npc_thief_10","map_img_thief_10"
182,7,0,18:9,"Art/Map/NPC/Thief7/Prefab/base",18:22,"land_icon_npc_thief_7","map_img_thief_7"
183,8,0,18:10,"Art/Map/NPC/Thief8/Prefab/base",18:23,"land_icon_npc_thief_8","map_img_thief_8"
184,9,0,18:11,"Art/Map/NPC/Thief9/Prefab/base",18:24,"land_icon_npc_thief_9","map_img_thief_9"
185,10,0,18:12,"Art/Map/NPC/Thief10/Prefab/base",18:25,"land_icon_npc_thief_10","map_img_thief_10"
186,3,0,18:5,"Art/Map/NPC/Thief3/Prefab/base",18:18,"land_icon_npc_thief_3","map_img_thief_3"
187,4,0,18:6,"Art/Map/NPC/Thief4/Prefab/base",18:19,"land_icon_npc_thief_4","map_img_thief_4"
188,5,0,18:7,"Art/Map/NPC/Thief5/Prefab/base",18:20,"land_icon_npc_thief_5","map_img_thief_5"
189,3,0,18:5,"Art/Map/NPC/Thief3/Prefab/base",18:18,"land_icon_npc_thief_3","map_img_thief_3"
190,4,0,18:6,"Art/Map/NPC/Thief4/Prefab/base",18:19,"land_icon_npc_thief_4","map_img_thief_4"
191,5,0,18:7,"Art/Map/NPC/Thief5/Prefab/base",18:20,"land_icon_npc_thief_5","map_img_thief_5"
192,3,0,18:5,"Art/Map/NPC/Thief3/Prefab/base",18:18,"land_icon_npc_thief_3","map_img_thief_3"
193,4,0,18:6,"Art/Map/NPC/Thief4/Prefab/base",18:19,"land_icon_npc_thief_4","map_img_thief_4"
194,5,0,18:7,"Art/Map/NPC/Thief5/Prefab/base",18:20,"land_icon_npc_thief_5","map_img_thief_5"
195,5,0,18:7,"Art/Map/NPC/Thief5/Prefab/base",18:20,"land_icon_npc_thief_5","map_img_thief_5"
196,6,0,18:8,"Art/Map/NPC/Thief6/Prefab/base",18:21,"land_icon_npc_thief_6","map_img_thief_6"
197,7,0,18:9,"Art/Map/NPC/Thief7/Prefab/base",18:22,"land_icon_npc_thief_7","map_img_thief_7"
198,5,0,18:7,"Art/Map/NPC/Thief5/Prefab/base",18:20,"land_icon_npc_thief_5","map_img_thief_5"
199,6,0,18:8,"Art/Map/NPC/Thief6/Prefab/base",18:21,"land_icon_npc_thief_6","map_img_thief_6"
200,7,0,18:9,"Art/Map/NPC/Thief7/Prefab/base",18:22,"land_icon_npc_thief_7","map_img_thief_7"
201,5,0,18:7,"Art/Map/NPC/Thief5/Prefab/base",18:20,"land_icon_npc_thief_5","map_img_thief_5"
202,6,0,18:8,"Art/Map/NPC/Thief6/Prefab/base",18:21,"land_icon_npc_thief_6","map_img_thief_6"
203,7,0,18:9,"Art/Map/NPC/Thief7/Prefab/base",18:22,"land_icon_npc_thief_7","map_img_thief_7"
204,5,0,18:7,"Art/Map/NPC/Thief5/Prefab/base",18:20,"land_icon_npc_thief_5","map_img_thief_5"
205,6,0,18:8,"Art/Map/NPC/Thief6/Prefab/base",18:21,"land_icon_npc_thief_6","map_img_thief_6"
206,7,0,18:9,"Art/Map/NPC/Thief7/Prefab/base",18:22,"land_icon_npc_thief_7","map_img_thief_7"
207,7,0,18:9,"Art/Map/NPC/Thief7/Prefab/base",18:22,"land_icon_npc_thief_7","map_img_thief_7"
208,8,0,18:10,"Art/Map/NPC/Thief8/Prefab/base",18:23,"land_icon_npc_thief_8","map_img_thief_8"
209,9,0,18:11,"Art/Map/NPC/Thief9/Prefab/base",18:24,"land_icon_npc_thief_9","map_img_thief_9"
210,10,0,18:12,"Art/Map/NPC/Thief10/Prefab/base",18:25,"land_icon_npc_thief_10","map_img_thief_10"
211,7,0,18:9,"Art/Map/NPC/Thief7/Prefab/base",18:22,"land_icon_npc_thief_7","map_img_thief_7"
212,8,0,18:10,"Art/Map/NPC/Thief8/Prefab/base",18:23,"land_icon_npc_thief_8","map_img_thief_8"
213,9,0,18:11,"Art/Map/NPC/Thief9/Prefab/base",18:24,"land_icon_npc_thief_9","map_img_thief_9"
214,10,0,18:12,"Art/Map/NPC/Thief10/Prefab/base",18:25,"land_icon_npc_thief_10","map_img_thief_10"
215,7,0,18:9,"Art/Map/NPC/Thief7/Prefab/base",18:22,"land_icon_npc_thief_7","map_img_thief_7"
216,8,0,18:10,"Art/Map/NPC/Thief8/Prefab/base",18:23,"land_icon_npc_thief_8","map_img_thief_8"
217,9,0,18:11,"Art/Map/NPC/Thief9/Prefab/base",18:24,"land_icon_npc_thief_9","map_img_thief_9"
218,10,0,18:12,"Art/Map/NPC/Thief10/Prefab/base",18:25,"land_icon_npc_thief_10","map_img_thief_10"
219,7,0,18:9,"Art/Map/NPC/Thief7/Prefab/base",18:22,"land_icon_npc_thief_7","map_img_thief_7"
220,8,0,18:10,"Art/Map/NPC/Thief8/Prefab/base",18:23,"land_icon_npc_thief_8","map_img_thief_8"
221,9,0,18:11,"Art/Map/NPC/Thief9/Prefab/base",18:24,"land_icon_npc_thief_9","map_img_thief_9"
222,10,0,18:12,"Art/Map/NPC/Thief10/Prefab/base",18:25,"land_icon_npc_thief_10","map_img_thief_10"
223,3,0,18:5,"Art/Map/NPC/Thief3/Prefab/base",18:18,"land_icon_npc_thief_3","map_img_thief_3"
224,4,0,18:6,"Art/Map/NPC/Thief4/Prefab/base",18:19,"land_icon_npc_thief_4","map_img_thief_4"
225,5,0,18:7,"Art/Map/NPC/Thief5/Prefab/base",18:20,"land_icon_npc_thief_5","map_img_thief_5"
226,3,0,18:5,"Art/Map/NPC/Thief3/Prefab/base",18:18,"land_icon_npc_thief_3","map_img_thief_3"
227,4,0,18:6,"Art/Map/NPC/Thief4/Prefab/base",18:19,"land_icon_npc_thief_4","map_img_thief_4"
228,5,0,18:7,"Art/Map/NPC/Thief5/Prefab/base",18:20,"land_icon_npc_thief_5","map_img_thief_5"
229,3,0,18:5,"Art/Map/NPC/Thief3/Prefab/base",18:18,"land_icon_npc_thief_3","map_img_thief_3"
230,4,0,18:6,"Art/Map/NPC/Thief4/Prefab/base",18:19,"land_icon_npc_thief_4","map_img_thief_4"
231,5,0,18:7,"Art/Map/NPC/Thief5/Prefab/base",18:20,"land_icon_npc_thief_5","map_img_thief_5"
232,5,0,18:7,"Art/Map/NPC/Thief5/Prefab/base",18:20,"land_icon_npc_thief_5","map_img_thief_5"
233,6,0,18:8,"Art/Map/NPC/Thief6/Prefab/base",18:21,"land_icon_npc_thief_6","map_img_thief_6"
234,7,0,18:9,"Art/Map/NPC/Thief7/Prefab/base",18:22,"land_icon_npc_thief_7","map_img_thief_7"
235,5,0,18:7,"Art/Map/NPC/Thief5/Prefab/base",18:20,"land_icon_npc_thief_5","map_img_thief_5"
236,6,0,18:8,"Art/Map/NPC/Thief6/Prefab/base",18:21,"land_icon_npc_thief_6","map_img_thief_6"
237,7,0,18:9,"Art/Map/NPC/Thief7/Prefab/base",18:22,"land_icon_npc_thief_7","map_img_thief_7"
238,5,0,18:7,"Art/Map/NPC/Thief5/Prefab/base",18:20,"land_icon_npc_thief_5","map_img_thief_5"
239,6,0,18:8,"Art/Map/NPC/Thief6/Prefab/base",18:21,"land_icon_npc_thief_6","map_img_thief_6"
240,7,0,18:9,"Art/Map/NPC/Thief7/Prefab/base",18:22,"land_icon_npc_thief_7","map_img_thief_7"
241,5,0,18:7,"Art/Map/NPC/Thief5/Prefab/base",18:20,"land_icon_npc_thief_5","map_img_thief_5"
242,6,0,18:8,"Art/Map/NPC/Thief6/Prefab/base",18:21,"land_icon_npc_thief_6","map_img_thief_6"
243,7,0,18:9,"Art/Map/NPC/Thief7/Prefab/base",18:22,"land_icon_npc_thief_7","map_img_thief_7"
244,7,0,18:9,"Art/Map/NPC/Thief7/Prefab/base",18:22,"land_icon_npc_thief_7","map_img_thief_7"
245,8,0,18:10,"Art/Map/NPC/Thief8/Prefab/base",18:23,"land_icon_npc_thief_8","map_img_thief_8"
246,9,0,18:11,"Art/Map/NPC/Thief9/Prefab/base",18:24,"land_icon_npc_thief_9","map_img_thief_9"
247,10,0,18:12,"Art/Map/NPC/Thief10/Prefab/base",18:25,"land_icon_npc_thief_10","map_img_thief_10"
248,7,0,18:9,"Art/Map/NPC/Thief7/Prefab/base",18:22,"land_icon_npc_thief_7","map_img_thief_7"
249,8,0,18:10,"Art/Map/NPC/Thief8/Prefab/base",18:23,"land_icon_npc_thief_8","map_img_thief_8"
250,9,0,18:11,"Art/Map/NPC/Thief9/Prefab/base",18:24,"land_icon_npc_thief_9","map_img_thief_9"
251,10,0,18:12,"Art/Map/NPC/Thief10/Prefab/base",18:25,"land_icon_npc_thief_10","map_img_thief_10"
252,7,0,18:9,"Art/Map/NPC/Thief7/Prefab/base",18:22,"land_icon_npc_thief_7","map_img_thief_7"
253,8,0,18:10,"Art/Map/NPC/Thief8/Prefab/base",18:23,"land_icon_npc_thief_8","map_img_thief_8"
254,9,0,18:11,"Art/Map/NPC/Thief9/Prefab/base",18:24,"land_icon_npc_thief_9","map_img_thief_9"
255,10,0,18:12,"Art/Map/NPC/Thief10/Prefab/base",18:25,"land_icon_npc_thief_10","map_img_thief_10"
256,7,0,18:9,"Art/Map/NPC/Thief7/Prefab/base",18:22,"land_icon_npc_thief_7","map_img_thief_7"
257,8,0,18:10,"Art/Map/NPC/Thief8/Prefab/base",18:23,"land_icon_npc_thief_8","map_img_thief_8"
258,9,0,18:11,"Art/Map/NPC/Thief9/Prefab/base",18:24,"land_icon_npc_thief_9","map_img_thief_9"
259,10,0,18:12,"Art/Map/NPC/Thief10/Prefab/base",18:25,"land_icon_npc_thief_10","map_img_thief_10"
260,3,0,18:5,"Art/Map/NPC/Thief3/Prefab/base",18:18,"land_icon_npc_thief_3","map_img_thief_3"
261,4,0,18:6,"Art/Map/NPC/Thief4/Prefab/base",18:19,"land_icon_npc_thief_4","map_img_thief_4"
262,5,0,18:7,"Art/Map/NPC/Thief5/Prefab/base",18:20,"land_icon_npc_thief_5","map_img_thief_5"
263,3,0,18:5,"Art/Map/NPC/Thief3/Prefab/base",18:18,"land_icon_npc_thief_3","map_img_thief_3"
264,4,0,18:6,"Art/Map/NPC/Thief4/Prefab/base",18:19,"land_icon_npc_thief_4","map_img_thief_4"
265,5,0,18:7,"Art/Map/NPC/Thief5/Prefab/base",18:20,"land_icon_npc_thief_5","map_img_thief_5"
266,3,0,18:5,"Art/Map/NPC/Thief3/Prefab/base",18:18,"land_icon_npc_thief_3","map_img_thief_3"
267,4,0,18:6,"Art/Map/NPC/Thief4/Prefab/base",18:19,"land_icon_npc_thief_4","map_img_thief_4"
268,5,0,18:7,"Art/Map/NPC/Thief5/Prefab/base",18:20,"land_icon_npc_thief_5","map_img_thief_5"
269,5,0,18:7,"Art/Map/NPC/Thief5/Prefab/base",18:20,"land_icon_npc_thief_5","map_img_thief_5"
270,6,0,18:8,"Art/Map/NPC/Thief6/Prefab/base",18:21,"land_icon_npc_thief_6","map_img_thief_6"
271,7,0,18:9,"Art/Map/NPC/Thief7/Prefab/base",18:22,"land_icon_npc_thief_7","map_img_thief_7"
272,5,0,18:7,"Art/Map/NPC/Thief5/Prefab/base",18:20,"land_icon_npc_thief_5","map_img_thief_5"
273,6,0,18:8,"Art/Map/NPC/Thief6/Prefab/base",18:21,"land_icon_npc_thief_6","map_img_thief_6"
274,7,0,18:9,"Art/Map/NPC/Thief7/Prefab/base",18:22,"land_icon_npc_thief_7","map_img_thief_7"
275,5,0,18:7,"Art/Map/NPC/Thief5/Prefab/base",18:20,"land_icon_npc_thief_5","map_img_thief_5"
276,6,0,18:8,"Art/Map/NPC/Thief6/Prefab/base",18:21,"land_icon_npc_thief_6","map_img_thief_6"
277,7,0,18:9,"Art/Map/NPC/Thief7/Prefab/base",18:22,"land_icon_npc_thief_7","map_img_thief_7"
278,5,0,18:7,"Art/Map/NPC/Thief5/Prefab/base",18:20,"land_icon_npc_thief_5","map_img_thief_5"
279,6,0,18:8,"Art/Map/NPC/Thief6/Prefab/base",18:21,"land_icon_npc_thief_6","map_img_thief_6"
280,7,0,18:9,"Art/Map/NPC/Thief7/Prefab/base",18:22,"land_icon_npc_thief_7","map_img_thief_7"
281,7,0,18:9,"Art/Map/NPC/Thief7/Prefab/base",18:22,"land_icon_npc_thief_7","map_img_thief_7"
282,8,0,18:10,"Art/Map/NPC/Thief8/Prefab/base",18:23,"land_icon_npc_thief_8","map_img_thief_8"
283,9,0,18:11,"Art/Map/NPC/Thief9/Prefab/base",18:24,"land_icon_npc_thief_9","map_img_thief_9"
284,10,0,18:12,"Art/Map/NPC/Thief10/Prefab/base",18:25,"land_icon_npc_thief_10","map_img_thief_10"
285,7,0,18:9,"Art/Map/NPC/Thief7/Prefab/base",18:22,"land_icon_npc_thief_7","map_img_thief_7"
286,8,0,18:10,"Art/Map/NPC/Thief8/Prefab/base",18:23,"land_icon_npc_thief_8","map_img_thief_8"
287,9,0,18:11,"Art/Map/NPC/Thief9/Prefab/base",18:24,"land_icon_npc_thief_9","map_img_thief_9"
288,10,0,18:12,"Art/Map/NPC/Thief10/Prefab/base",18:25,"land_icon_npc_thief_10","map_img_thief_10"
289,7,0,18:9,"Art/Map/NPC/Thief7/Prefab/base",18:22,"land_icon_npc_thief_7","map_img_thief_7"
290,8,0,18:10,"Art/Map/NPC/Thief8/Prefab/base",18:23,"land_icon_npc_thief_8","map_img_thief_8"
291,9,0,18:11,"Art/Map/NPC/Thief9/Prefab/base",18:24,"land_icon_npc_thief_9","map_img_thief_9"
292,10,0,18:12,"Art/Map/NPC/Thief10/Prefab/base",18:25,"land_icon_npc_thief_10","map_img_thief_10"
293,7,0,18:9,"Art/Map/NPC/Thief7/Prefab/base",18:22,"land_icon_npc_thief_7","map_img_thief_7"
294,8,0,18:10,"Art/Map/NPC/Thief8/Prefab/base",18:23,"land_icon_npc_thief_8","map_img_thief_8"
295,9,0,18:11,"Art/Map/NPC/Thief9/Prefab/base",18:24,"land_icon_npc_thief_9","map_img_thief_9"
296,10,0,18:12,"Art/Map/NPC/Thief10/Prefab/base",18:25,"land_icon_npc_thief_10","map_img_thief_10"
297,3,0,18:5,"Art/Map/NPC/Thief3/Prefab/base",18:18,"land_icon_npc_thief_3","map_img_thief_3"
298,4,0,18:6,"Art/Map/NPC/Thief4/Prefab/base",18:19,"land_icon_npc_thief_4","map_img_thief_4"
299,5,0,18:7,"Art/Map/NPC/Thief5/Prefab/base",18:20,"land_icon_npc_thief_5","map_img_thief_5"
300,3,0,18:5,"Art/Map/NPC/Thief3/Prefab/base",18:18,"land_icon_npc_thief_3","map_img_thief_3"
301,4,0,18:6,"Art/Map/NPC/Thief4/Prefab/base",18:19,"land_icon_npc_thief_4","map_img_thief_4"
302,5,0,18:7,"Art/Map/NPC/Thief5/Prefab/base",18:20,"land_icon_npc_thief_5","map_img_thief_5"
303,3,0,18:5,"Art/Map/NPC/Thief3/Prefab/base",18:18,"land_icon_npc_thief_3","map_img_thief_3"
304,4,0,18:6,"Art/Map/NPC/Thief4/Prefab/base",18:19,"land_icon_npc_thief_4","map_img_thief_4"
305,5,0,18:7,"Art/Map/NPC/Thief5/Prefab/base",18:20,"land_icon_npc_thief_5","map_img_thief_5"
306,5,0,18:7,"Art/Map/NPC/Thief5/Prefab/base",18:20,"land_icon_npc_thief_5","map_img_thief_5"
307,6,0,18:8,"Art/Map/NPC/Thief6/Prefab/base",18:21,"land_icon_npc_thief_6","map_img_thief_6"
308,7,0,18:9,"Art/Map/NPC/Thief7/Prefab/base",18:22,"land_icon_npc_thief_7","map_img_thief_7"
309,5,0,18:7,"Art/Map/NPC/Thief5/Prefab/base",18:20,"land_icon_npc_thief_5","map_img_thief_5"
310,6,0,18:8,"Art/Map/NPC/Thief6/Prefab/base",18:21,"land_icon_npc_thief_6","map_img_thief_6"
311,7,0,18:9,"Art/Map/NPC/Thief7/Prefab/base",18:22,"land_icon_npc_thief_7","map_img_thief_7"
312,5,0,18:7,"Art/Map/NPC/Thief5/Prefab/base",18:20,"land_icon_npc_thief_5","map_img_thief_5"
313,6,0,18:8,"Art/Map/NPC/Thief6/Prefab/base",18:21,"land_icon_npc_thief_6","map_img_thief_6"
314,7,0,18:9,"Art/Map/NPC/Thief7/Prefab/base",18:22,"land_icon_npc_thief_7","map_img_thief_7"
315,5,0,18:7,"Art/Map/NPC/Thief5/Prefab/base",18:20,"land_icon_npc_thief_5","map_img_thief_5"
316,6,0,18:8,"Art/Map/NPC/Thief6/Prefab/base",18:21,"land_icon_npc_thief_6","map_img_thief_6"
317,7,0,18:9,"Art/Map/NPC/Thief7/Prefab/base",18:22,"land_icon_npc_thief_7","map_img_thief_7"
318,7,0,18:9,"Art/Map/NPC/Thief7/Prefab/base",18:22,"land_icon_npc_thief_7","map_img_thief_7"
319,8,0,18:10,"Art/Map/NPC/Thief8/Prefab/base",18:23,"land_icon_npc_thief_8","map_img_thief_8"
320,9,0,18:11,"Art/Map/NPC/Thief9/Prefab/base",18:24,"land_icon_npc_thief_9","map_img_thief_9"
321,10,0,18:12,"Art/Map/NPC/Thief10/Prefab/base",18:25,"land_icon_npc_thief_10","map_img_thief_10"
322,7,0,18:9,"Art/Map/NPC/Thief7/Prefab/base",18:22,"land_icon_npc_thief_7","map_img_thief_7"
323,8,0,18:10,"Art/Map/NPC/Thief8/Prefab/base",18:23,"land_icon_npc_thief_8","map_img_thief_8"
324,9,0,18:11,"Art/Map/NPC/Thief9/Prefab/base",18:24,"land_icon_npc_thief_9","map_img_thief_9"
325,10,0,18:12,"Art/Map/NPC/Thief10/Prefab/base",18:25,"land_icon_npc_thief_10","map_img_thief_10"
326,7,0,18:9,"Art/Map/NPC/Thief7/Prefab/base",18:22,"land_icon_npc_thief_7","map_img_thief_7"
327,8,0,18:10,"Art/Map/NPC/Thief8/Prefab/base",18:23,"land_icon_npc_thief_8","map_img_thief_8"
328,9,0,18:11,"Art/Map/NPC/Thief9/Prefab/base",18:24,"land_icon_npc_thief_9","map_img_thief_9"
329,10,0,18:12,"Art/Map/NPC/Thief10/Prefab/base",18:25,"land_icon_npc_thief_10","map_img_thief_10"
330,7,0,18:9,"Art/Map/NPC/Thief7/Prefab/base",18:22,"land_icon_npc_thief_7","map_img_thief_7"
331,8,0,18:10,"Art/Map/NPC/Thief8/Prefab/base",18:23,"land_icon_npc_thief_8","map_img_thief_8"
332,9,0,18:11,"Art/Map/NPC/Thief9/Prefab/base",18:24,"land_icon_npc_thief_9","map_img_thief_9"
333,10,0,18:12,"Art/Map/NPC/Thief10/Prefab/base",18:25,"land_icon_npc_thief_10","map_img_thief_10"
